"slug","name","before_production_assessment_id","after_production_assessment_id","before_engine","after_engine","before_answers","after_answers","before_outlook","before_transformation","after_outlook","after_transformation","generation_run_id","payload_digest"
"0xblacklight","Kyle Mistele","b8c35a7a-0665-49e8-b786-ba587a3ec727","b0b8cf6a-9d3b-411d-adf2-fc834a8a5e8d","0.7.5","0.7.5","3","4","0.5025","0.52025","0.48749999999999993","0.64625","1791250057142-b226d7f0-0fe8-483e-a58e-737aa916ac85","bc2f2bf222ced406389d2a1dcc6f74f9aa0530580e71beed004aacfa0b25cb8e"
"_mira___mira_","Mira","438317af-7e20-4e83-b873-2e0ee525f5ab","7b0c8cac-e2c8-4815-926e-aaeaac761242","0.7.5","0.7.5","3","4","0.73","0.450125","0.6137499999999999","0.47795000000000004","1791250057142-b226d7f0-0fe8-483e-a58e-737aa916ac85","a5d6885bbf58a1857a9859391cb209bcc54bef4c0585b792a66d1c4f3fbf26ea"
"_xjdr","xjdr","8a1ed114-941c-46f9-8978-6144be303a0e","7bf1a2bc-1f58-4d4e-b8fb-8919e4f09dd1","0.7.5","0.7.5","3","4","0.7374999999999999","0.27812500000000007","0.671875","0.4581249999999999","1791250057142-b226d7f0-0fe8-483e-a58e-737aa916ac85","5d5c1ca52cbe7e99097a90d72a480be2ed21c6d4c356db9ea35b019d6ac529b7"
"a1zhang","Alex Zhang","295fd89d-1550-4e04-baee-bf8eaee8bb95","ef62fa2c-b522-44b8-a3cb-3d72ad8dc554","0.6.1","0.7.5","3","4","0.5325","0.46749999999999997","0.569375","0.5","1791250057142-b226d7f0-0fe8-483e-a58e-737aa916ac85","1c13c6183547c327256e3d050b327e7dd6fcc66724332498a97de0afccd6793a"
"aarondfrancis","Aaron Francis","4b7f56d1-5ecb-41e9-8a19-d3674a727359","bdc5a47e-9acd-4f4d-be3f-263c7ed48c12","0.7.5","0.7.5","2","4","0.7899999999999999","0.36749999999999994","0.8481249999999999","0.411875","1791250088991-980e3041-e9d0-4df2-8f41-75535a1410b0","0aee40f6e8e13a283c8d58b35f3fa6dd56c52cb304c96bd78f888efb6fd5f510"
"adamdotdev","Adam Elmore","2b562d88-0aa5-488f-bb5e-46d32123405e","0a752e95-8be7-4835-a909-913469c86b63","0.7.5","0.7.5","2","4","0.51375","0.316875","0.47687499999999994","0.4005625","1791250088991-980e3041-e9d0-4df2-8f41-75535a1410b0","914611baef16e024ebb807221b5e24d9a529aabbed68293d1b4b07f69d0d7dd6"
"altryne","Alex Volkov","dfa98411-f955-4e4d-bd5d-cfa363686cb9","1171087e-243d-40a9-a14c-2e138d8b978e","0.7.5","0.7.5","1","4","0.6775","0.288125","0.6793749999999998","0.3956249999999999","1791250088991-980e3041-e9d0-4df2-8f41-75535a1410b0","12650fccacff6772e50074d186e6b69ff856c8b90b8747be6fbd86d9153aa1c7"
"amcafee","Andrew McAfee","29af5ade-43b2-40d1-9dd3-f02044c1d429","b5f44cb9-ef34-475e-9fc5-9041deffdb2a","0.7.5","0.7.5","1","4","0.88625","0.515625","0.89125","0.70875","1791250088991-980e3041-e9d0-4df2-8f41-75535a1410b0","8b68bcfffa3fe7bc20d50af9404c491e7237cf6e9a41dbd7c98087dc4dda3ee6"
"andrewcurran_","Andrew Curran","b01572de-3692-428f-8561-4a9e41dea3a3","b7f1023d-2e59-4be3-9bdf-2be80637c320","0.7.5","0.7.5","2","4","0.38750000000000007","0.845","0.71","0.95","1791250118096-ca3aa0b3-39a9-4690-a56d-f7e2a0a346b6","28ab607c9827c5dcf43199e79a8554ffda297f93bdfdc9fb7b88ae06746ce29e"
"andrewyng","Andrew Ng","59b182de-6980-444b-b9e0-68567aa5c328","d02b01fa-0116-4779-8aff-f1ebf59738c1","0.7.5","0.7.5","2","4","0.87625","0.5","0.895625","0.6468750000000001","1791250118096-ca3aa0b3-39a9-4690-a56d-f7e2a0a346b6","639c75eda3274312bd6bd050a6ae19d6909f614301b47fbab76e472d4424309d"
"andyayrey","Andy Ayrey","5d82df97-da4a-439e-aa84-ca5a35f553fa","2f5d8624-bf9b-4bc6-8033-7400109edc99","0.7.5","0.7.5","2","4","0.719375","0.67","0.686875","0.8612500000000001","1791250118096-ca3aa0b3-39a9-4690-a56d-f7e2a0a346b6","45e7c4b1febe4ce69eb15f8b66901f3ca5f6cdce6cc736d8fa8aa540007d6138"
"anthrupad","watermark (anthrupad)","4aba54f7-178a-4b3c-8ee8-01a86faece4c","a0fda608-48dc-4b35-aa94-eeac7ded0ec6","0.7.5","0.7.5","3","4","0.30499999999999994","0.8617021276595744","0.5293749999999999","0.878125","1791250118096-ca3aa0b3-39a9-4690-a56d-f7e2a0a346b6","e68edc8a969a46cb2ec5c049d17ce96b3501a1f9f9ad111a5b5693d03dab1e60"
"badlogicgames","Mario Zechner","1622b96a-b3be-4cee-bf9d-3651b8862f65","668d66dd-1b20-4c21-b195-6cd1bf174d69","0.7.5","0.7.5","2","5","0.421875","0.21437500000000004","0.4893750000000001","0.5","1791250152246-affba650-79a6-4561-9ed8-79563788a6e4","38cbd31a7865e4948b63819858eb657b5346251cc32369644d1b25a6a26debf2"
"beffjezos","Guillaume Verdon","9a85d009-44a1-4d95-8f89-cbabd812426a","0ad9d2de-fdd4-4598-a5e4-8afce3622418","0.7.5","0.7.5","1","4","0.853125","0.736875","0.89","0.7925","1791250152246-affba650-79a6-4561-9ed8-79563788a6e4","64d19fc6b010265082321673ea73c03463307037af0dae032024715f660d7f22"
"benthompson","Ben Thompson","eef9308b-1d10-4306-aacf-a2835f866211","3ff57d2b-a153-4461-84d2-6859f46c6483","0.7.5","0.7.5","3","4","0.715625","0.66375","0.704375","0.663125","1791250152246-affba650-79a6-4561-9ed8-79563788a6e4","b6158025d4ed85ad5c6ad2217945c6479f660435ab4b5e2d1f6773655dc2a5f7"
"bernhardsson","Erik Bernhardsson","c8ad1b5f-0c3a-474b-8a13-64d49e60adba","c0f2d8fb-51c2-4c51-a84c-537d9541191f","0.7.5","0.7.5","2","4","0.800625","0.4568749999999999","0.7218749999999998","0.485625","1791250152246-affba650-79a6-4561-9ed8-79563788a6e4","3228d409f781134721b86951a9c89e156782d2598b3eafc02f0b98493d8a2c5f"
"billgates","Bill Gates","50aca43e-6911-4614-86a1-e9c1d73a832e","efb1785c-8b98-494e-8165-684fb2e7e427","0.7.5","0.7.5","3","4","0.5650000000000001","0.7668750000000001","0.6493749999999999","0.8274999999999999","1791250184359-cf56e87e-8eea-41bc-9013-ff7641d24152","ea77360fe74c3c4e84e9dfc9a72b61380199b265f78d47f934f28253eb9d24c8"
"blancheminerva","Stella Biderman","b2ff8b8e-4544-4aa9-a2a8-c5dd34424494","7256a0c1-fdc8-4381-aa22-95a11f003d6c","0.6.1","0.7.5","3","4","0.5","0.43499999999999994","0.48750000000000004","0.505625","1791250184359-cf56e87e-8eea-41bc-9013-ff7641d24152","8d8f64e76a01d5621023d0846ac0e061b8a28fd6e0335631684eda088c1a72b7"
"bonegpt","bone","20d7b97d-7141-48d1-82ce-33388ee8e7fd","ba09bd5b-5fc8-4235-9ae5-36e678180579","0.7.5","0.7.5","3","5","0.760625","0.735625","0.6387499999999999","0.8093749999999998","1791250184359-cf56e87e-8eea-41bc-9013-ff7641d24152","abb8da425353486493b1505400646ddea7eb14e9ec32012b8d9d29a21cc4d8fb"
"chargoddard","Charles Goddard","ebc90099-0fee-44a5-84d3-5c077f2e8e0d","2743bc63-2bc0-4c18-8dcc-50450a322efe","0.7.5","0.7.5","2","5","0.7875","0.36824999999999997","0.6349999999999999","0.5","1791250184359-cf56e87e-8eea-41bc-9013-ff7641d24152","c9fdb1beaaa759f7e577f6dc263080894edc4680613f9372891be37de0391027"
"code_star","Cody Blakeney","84007d63-7c20-4fdf-8965-be480ef54e91","33cb5650-6765-4fce-98ec-dc5b31b9a37a","0.7.5","0.7.5","3","4","0.6749999999999999","0.347","0.7","0.40874999999999995","1791250221552-860c82e1-5e09-46f9-9bd6-8bb1efb954c6","84ccbfa81d98c7fdd7af93348b848c2b82886796aa590fbe490c619d6d3b94b9"
"ctjlewis","Lewis","1f614681-7f76-4953-a7a1-9bbb0749c333","18b6a879-ab3a-453b-be6a-979e71b2a096","0.7.5","0.7.5","3","4","0.8237500000000001","0.55875","0.794375","0.7587499999999999","1791250221552-860c82e1-5e09-46f9-9bd6-8bb1efb954c6","f19592bdc3086770ed20dc182989625c1051b12ead410e0c457b8adb202b2c38"
"danshipper","Dan Shipper","5ef15b49-0b80-4854-a155-d0d2d9807739","915eaa68-1f93-4d3d-8b8a-7ce76b17452d","0.7.5","0.7.5","3","4","0.71","0.4681250000000001","0.7112499999999999","0.62125","1791250221552-860c82e1-5e09-46f9-9bd6-8bb1efb954c6","de242ac4739921fdb5c01fb36af9011036828801c77fafb259c9b0678333e887"
"darioamodei","Dario Amodei","70f80b4b-e64d-4b55-89da-5974033608a4","0cc64f24-cf72-4960-bf26-e4de1757c8ff","0.7.5","0.7.5","3","5","0.485625","0.821875","0.34750000000000003","0.88125","1791250221552-860c82e1-5e09-46f9-9bd6-8bb1efb954c6","77d90dbe65ed6f916e85e35bfcb5de6c02c951ee925ae19bbb523562b47ed4a7"
"davidad","David Dalrymple","e813f12b-5181-40a5-a926-a23120cf376b","1d0b4297-98ce-4f19-9482-4dfe28572ca5","0.7.5","0.7.5","1","4","0.7831250000000001","0.909375","0.7475","0.944375","1791250263134-66259013-2811-459a-8b31-f123684da5d5","00b3ffa9cddd72529e7942555e1e6175998a9b9861331c4a63b2cee024b8417d"
"demishassabis","Demis Hassabis","8aae93b0-4265-42c9-9a31-dcc294dbd29d","da88c330-8a3a-4909-8a82-21389dc8278a","0.7.5","0.7.5","3","4","0.731875","0.7350000000000001","0.7368750000000001","0.805","1791250263134-66259013-2811-459a-8b31-f123684da5d5","d9f642df16cae14acd2c534b8a7e803f9f28ffcb3d516dc4374605ec9eca7c12"
"dexhorthy","Dex Horthy","e9f7da62-367e-4748-b331-42cab9233717","170af3e4-0d68-47e7-9069-089f833390f4","0.7.5","0.7.5","2","4","0.62","0.27","0.64375","0.39187500000000003","1791250263134-66259013-2811-459a-8b31-f123684da5d5","a57b670eb39af95d939b246c82c6b30c95da3783c72fcf7158c4e7b6a3b83a34"
"doodlestein","Jeffrey Emanuel","845168cf-db71-422c-89dc-58e4a6363147","a17bbb94-dbee-4a9b-8a81-f2194a8229fd","0.7.5","0.7.5","3","4","0.77","0.755625","0.7049999999999998","0.7781250000000001","1791250263134-66259013-2811-459a-8b31-f123684da5d5","0b1ca6706a58739e888447cfcafa26b02e5e1ca0a77b3688aefa83493908adc5"
"doomslide","doomslide","aab5e643-67a3-4f0a-bbdb-30a484f7877a","340ebf27-8a64-4338-a5eb-cbd6e31ec8f8","0.7.5","0.7.5","2","4","0.3825","0.46687499999999993","0.24750000000000005","0.7062499999999999","1791250293809-347805fc-ec6d-4753-8bf3-533d24de2efb","1d3a861aa2dd1c2466df6c51c06cd7cbd02ee97a836372c36da55fd971ab92fd"
"dremnik","Andrew Jones","97022134-b9d9-4ea7-ba3d-5f15df6fd9b0","680e163b-6a49-44dc-980c-5b3c33322670","0.7.5","0.7.5","3","4","0.5431250000000001","0.650625","0.46875","0.688125","1791250293809-347805fc-ec6d-4753-8bf3-533d24de2efb","f11657f6c48299056623f994b5e794a6c65339a22be94ecb3f19f24d66b7bb99"
"elder_plinius","Pliny the Liberator","42b4331b-bc9a-4b9f-bee8-d31887d1757b","75ba49e0-d12f-4047-84d1-995912592af5","0.7.5","0.7.5","1","4","0.7068750000000001","0.44562499999999994","0.785","0.6225","1791250293809-347805fc-ec6d-4753-8bf3-533d24de2efb","54914b990e9bf480479614c2033916d50e7a2f2c3a4fd8e740914a42230e0bef"
"eli_lifland","Eli Lifland","8ebb49ff-5e56-4b4f-8a00-8819d4ca370e","760167e6-c568-4005-9f8f-aee68819e79f","0.7.5","0.7.5","2","4","0.11312499999999998","0.914375","0.16062500000000002","0.940625","1791250293809-347805fc-ec6d-4753-8bf3-533d24de2efb","49ff704c5c4bdbe55ef2e213e20d03e4fecf77ba723479c1978692849456a327"
"ellie_huxtable","Ellie Huxtable","566c08cf-dcbf-451b-80ba-d35a2076b28d","cd66ce1d-face-4baf-9b21-0fa93ba7f6fc","0.7.5","0.7.5","2","4","0.71","0.5","0.6350000000000001","0.5","1791250326438-2ef7ac78-5c51-4d20-8c6a-bb98a1d7505c","03b035db77f9981477a46c2600cef768464f2e4cff96d5073857cd37aac6685c"
"fabianstelzer","Fabian Stelzer","751bd9af-ad2c-496d-9a56-1be5a8f8d571","bcfc18b4-cf65-44d8-b593-fcdac3260412","0.6.1","0.7.5","2","6","0.5025","0.505","0.5206250000000001","0.75875","1791250326438-2ef7ac78-5c51-4d20-8c6a-bb98a1d7505c","02563d2e21d271fe2506da6606f22d58a09f2d76d031124f72ea7361bd4d7b60"
"finkd","Mark Zuckerberg","f59ce38b-2f20-4eb3-932f-f3d36506ee5c","f0ca6ace-30fc-48e1-b241-28236ebf4632","0.7.5","0.7.5","2","4","0.9237500000000001","0.6981249999999999","0.943125","0.8699999999999999","1791250326438-2ef7ac78-5c51-4d20-8c6a-bb98a1d7505c","aabc89bf47416cdb4bd072158933cccdfedef36961228553b1087e21a1a5def3"
"geoffreyhuntley","Geoffrey Huntley","c646bef8-112a-4c39-92e0-7a8df5c7aa8a","94238135-d921-4e95-872d-0c1130b3a0a1","0.7.5","0.7.5","3","4","0.706875","0.63875","0.6881250000000001","0.6625000000000001","1791250326438-2ef7ac78-5c51-4d20-8c6a-bb98a1d7505c","0988f092316a546ab919573e9283a1f94dadae804c48297f7ec6fa9aef8535f2"
"gwern","Gwern Branwen","4504d3bc-18b8-4b43-b96a-ecd09a6854c1","95cb3b24-0634-419f-acc6-2d2b3a4113ab","0.7.5","0.7.5","3","5","0.31875","0.7512500000000001","0.39","0.865","1791250375811-be88eb52-b351-4e42-9675-7931d464e2ea","186b94dad07aa31c3458001da800a900933f2150ac14f0ca6ba4fc8f90e50d7d"
"hammer_mt","Mike Taylor","d456e9d6-0f21-43bb-811b-4a6176561975","36be41ed-79e6-4bc6-b9cd-9c987b92dacd","0.7.5","0.7.5","2","4","0.66625","0.255625","0.5775","0.42999999999999994","1791250375811-be88eb52-b351-4e42-9675-7931d464e2ea","6a26d07586f9703b599c4d5be3629afe3b81922c0d2df8e4b49b53aa396d479b"
"ilyasut","Ilya Sutskever","db951300-5972-44ec-8bf6-f99dc1dc4adc","da311001-043a-4e2a-a275-acac637231e4","0.7.5","0.7.5","3","5","0.5125000000000001","0.77125","0.42375","0.8787499999999999","1791250375811-be88eb52-b351-4e42-9675-7931d464e2ea","2059e312113756190cf2d365ff4c98bdad6a87a54de39ba1b6d006dd38f20b65"
"iterintellectus","Vittorio","40911bee-e964-4bcb-ab2d-df10912859fb","20e20dca-e18b-4fc6-b248-30b5fb625993","0.7.5","0.7.5","2","4","0.83125","0.673125","0.891875","0.74375","1791250375811-be88eb52-b351-4e42-9675-7931d464e2ea","164922009c966d962d7f0213bfeb6ac93cd2b2aae2a072fbaa9f5d722df4a38c"
"ivanburazin","Ivan Burazin","f8b4057a-ac0b-42d6-ba2c-b5c763f87b4c","c3fcf5b8-7344-4b50-8d9c-1c616f138092","0.7.5","0.7.5","3","4","0.7743749999999999","0.39250000000000007","0.7493749999999999","0.54","1791250421385-242ef367-a44e-4d61-a2db-3881636c4845","5ee3c05f84dbf74ddfd4534dcb5d9b93266184223599ed398721eab91f583c73"
"jeffreyhuber","Jeff Huber","07f3e1cf-3873-44e5-a3b3-f74e78fad192","80b80e59-371a-4efb-9996-d71e77e75ebe","0.7.5","0.7.5","3","4","0.7525","0.503125","0.7243750000000001","0.6900000000000001","1791250421385-242ef367-a44e-4d61-a2db-3881636c4845","656d1ff8b8222bfe59b2cca7ced2d5b01fdbfe410e805d6f61b33e61159de125"
"jeremyphoward","Jeremy Howard","2868dbef-c56d-4421-9a7d-7e343bdcb86d","8f9996fe-47ad-4c49-b189-81458abcbe2e","0.7.5","0.7.5","3","5","0.7093750000000001","0.5137499999999999","0.541875","0.5743750000000001","1791250421385-242ef367-a44e-4d61-a2db-3881636c4845","543c64e2fe22389034b4abee9beeca1f822e699c65f1b1475ba6e1cef022cdd3"
"jessegenet","Jesse Genet","e66d043a-4669-446f-8be3-bf765d1730f1","be376ab1-6ed3-4549-87b9-1afbce4586a4","0.7.5","0.7.5","2","4","0.7006249999999999","0.23687499999999995","0.698125","0.37749999999999995","1791250421385-242ef367-a44e-4d61-a2db-3881636c4845","78868adcb54cf7f7af6ae3a67739c974a1f8ed736ffa2f7849e478e9ec64b7e1"
"jessi_cata","Jessica Taylor","a40dc55a-1d9e-4291-a35c-674f429572d2","be429446-feda-4f3c-9faa-30421b15a951","0.7.5","0.7.5","3","4","0.24874999999999997","0.7781250000000002","0.229375","0.9025","1791250456202-94b74811-f95a-499a-8d51-bdf8664f277b","1b97a89a9d1e3efc538d59de51d3d2f54a8559c9eb3b9db55c10431457ed2c99"
"juliagalef","Julia Galef","0c37aed4-ba62-4b80-9f7d-a66c98e845d2","42b87585-0d94-4461-8b49-b72ddc13aa74","0.6.1","0.7.5","2","4","0.48484848484848486","0.5","0.5006250000000001","0.5","1791250456202-94b74811-f95a-499a-8d51-bdf8664f277b","3b8275feab4457d7ccb47774e0178ff443fa1fe18271e17b9fa70c710a53a8ab"
"jxmnop","Jack Morris","da1b04c5-f173-47a9-bd4f-23647c8eb66a","e772929b-8fb1-49c1-ad88-6b1d586289bd","0.7.5","0.7.5","3","4","0.5306249999999999","0.553125","0.474375","0.5","1791250456202-94b74811-f95a-499a-8d51-bdf8664f277b","35d7ead85f8620a6293dd65d4e0c1632314da72047b2e7346b7ee7fdf77c6b77"
"kalomaze","Kalomaze","ffe559ea-501b-4384-8d6c-3c520af7e24c","8fd3d0df-fd33-4fd6-8d9d-dc54341ef4bf","0.7.5","0.7.5","3","5","0.5225","0.6775","0.425","0.64625","1791250456202-94b74811-f95a-499a-8d51-bdf8664f277b","02f1cc54196b242661a77494db3beb5e3f6f8705cc15e62608952f4fa439d77e"
"karan4d","mephisto","8198419b-a110-4101-9468-400fcc2d7903","70a2c03c-869e-4022-a122-674c29ed3b0c","0.7.5","0.7.5","3","5","0.6950000000000001","0.726875","0.49375","0.83875","1791250489897-4f9c0efe-304d-407f-918a-30c1c2381f62","ec871d7db00bff74c1cc89388f3aa30b1fa382e78ff2e584400dd37fece62181"
"kyliebytes","Kylie Robison","bf154e7b-ad53-49de-b649-b65390f0e050","f3fda3d0-244b-4b58-870a-9f98b42be6b6","0.6.1","0.7.5","3","4","0.495","0.39","0.39374999999999993","0.53125","1791250489897-4f9c0efe-304d-407f-918a-30c1c2381f62","420fe902d1ce367a9f69ee4c8a36aa4943b74b6d94b391c651ba9874f5a54512"
"lateinteraction","Omar Khattab","24e1f3f0-fe41-47d4-b2dd-893de12b936f","8ad3e26a-f135-4807-b1b2-bfd42c9d59d1","0.7.5","0.7.5","3","5","0.734375","0.400625","0.693125","0.510125","1791250489897-4f9c0efe-304d-407f-918a-30c1c2381f62","70c626e32dd1fe6b33f20e00eff8b3b64e5c12054a825e70e2e541942002fc23"
"lfschiavo","Larissa Schiavo","41a5188d-ff25-4a2e-9dff-0dff21335fd2","ca243091-629b-4216-bafa-ce549dc7d0e0","0.7.5","0.7.5","3","5","0.619375","0.616875","0.5318750000000001","0.72125","1791250489897-4f9c0efe-304d-407f-918a-30c1c2381f62","f62a0045d3c135f2128b5e7877c66744a48ad84fafc4b330e8d072028c5f964f"
"liminal_bardo","Liminal Bardo","2fa2020f-f3e0-46b2-a1e6-0e9721a36ade","9d5311a0-7567-4b9e-8bcb-2841ef5e2bcd","0.6.1","0.7.5","3","4","0.5","0.43749999999999994","0.55","0.4791875","1791250527098-6058e100-68bd-4472-8177-be9b954a7a07","dd1a43cdbdecebdf72abe7b0283894bca37fa5eac720877b81dd766462e8668e"
"lumpenspace","lumpenspace","9c089a68-6029-43e9-b22f-743284c605cd","b595a178-d046-4f37-9ab8-995d6b9a4a7a","0.7.5","0.7.5","1","4","0.7481249999999999","0.9393750000000001","0.6906249999999999","0.9606249999999998","1791250527098-6058e100-68bd-4472-8177-be9b954a7a07","b61590375e39840a2abe9bf5a8c8711379a7103f67d898f6956220177d02ec6f"
"max_paperclips","Shannon Sands","15974469-10e1-438f-8128-f2d6eb2bca32","4b2f19c7-5662-47d9-abc4-3d79001018fa","0.7.5","0.7.5","1","4","0.713125","0.31875","0.719375","0.5868749999999999","1791250527098-6058e100-68bd-4472-8177-be9b954a7a07","91ee029ec7bc8feb73fb560ce7dc3e91145e7ba68ab8852934826d1999e2bb91"
"mbusigin","Matt Busigin","afc16dbb-0660-4f25-be04-d907b8783a06","d54f501b-d264-4ea6-a0a6-04dc5b0a9e4d","0.7.5","0.7.5","2","4","0.6312499999999999","0.35312499999999997","0.665625","0.4068750000000001","1791250527098-6058e100-68bd-4472-8177-be9b954a7a07","fe2a6c0bc23669f9b8d0df3696a553083a7601fd4b71b6edc245770304b8e775"
"menhguin","Minh Nhat Nguyen","f8c8a103-4f40-4fe0-8002-51a8aab8b3c3","5aac6850-46fb-48fe-979c-eab7502fc984","0.7.5","0.7.5","3","4","0.49812500000000004","0.5181250000000001","0.468125","0.5975","1791250556851-b70d0597-d2d7-46b2-a9f0-bfa98be3fded","7e7a32f391111297ecdf4f64d389c5c8589096a8e105db37c4e55ee6da35d10a"
"michaelthiessen","Michael Thiessen","89130dbd-495c-4412-9f2a-aa280bec1eb2","afa3912f-8a36-45b9-9fb8-626fdffba475","0.7.5","0.7.5","3","4","0.6706249999999999","0.28562499999999996","0.5631250000000001","0.42265","1791250556851-b70d0597-d2d7-46b2-a9f0-bfa98be3fded","5359368bfdc48492173decc0dcccf2aa769d564b62f4216a2d314de0a57979ea"
"mikepfrank","Michael P. Frank","d583d26d-85f9-46ea-91a2-6dccca05d01d","4f8d27d6-1cac-422a-9066-9880be77a6eb","0.7.5","0.7.5","3","5","0.6925","0.768939393939394","0.5575","0.7837500000000001","1791250556851-b70d0597-d2d7-46b2-a9f0-bfa98be3fded","7edfdbf21919eeb175e619332d49dbd661ab29653d93431aa35996791cf38804"
"natolambert","Nathan Lambert","16f0a333-57d2-4330-86a4-05e11b16c683","0f6c1107-2108-4ef4-9660-f1826e9ab1c8","0.7.5","0.7.5","1","4","0.740625","0.46875","0.7318749999999999","0.599375","1791250556851-b70d0597-d2d7-46b2-a9f0-bfa98be3fded","8f138e3fd22922e56d443893cd5d556fa7721128298ece75c28b5d56e26e8842"
"nbaschez","Nathan Baschez","1ec95e92-6e6f-4f3b-8f32-56c8b4995d16","a0fd9416-5145-4f36-afd8-cf4b6e356a4b","0.7.5","0.7.5","1","4","0.8506250000000001","0.6225","0.79625","0.7481249999999999","1791250598277-26ac0043-af02-400a-9b3d-15de9a12f3c4","09c3556b2da5b5ba9e876622815b19b0f79d77ade0ea7b05969427644c7d412d"
"nickadobos","Nick Dobos","24f8b877-e36e-4aab-afaf-28c337fbad90","e8f6c707-8b33-4ae5-acf1-a4657ea56c09","0.7.5","0.7.5","3","6","0.5037499999999999","0.6093750000000001","0.43187499999999995","0.7875","1791250598277-26ac0043-af02-400a-9b3d-15de9a12f3c4","2585f9064a8b9660b450228d0ec45e0f2a309ca74117905842d77851561e8b89"
"noahpinion","Noah Smith","b4b5437d-63eb-465f-95b2-54db6ceaf068","89ec235a-2a68-47c8-927d-a5151119e5e8","0.7.5","0.7.5","3","5","0.6543749999999999","0.7881250000000001","0.47187499999999993","0.8662500000000001","1791250598277-26ac0043-af02-400a-9b3d-15de9a12f3c4","11243fdccf7c54ba5512dfe62ea8a188c37889f4844eee446d842d81fe649f13"
"orphcorp","orph","5085516b-5e31-4a68-a7a9-84df3a30ee6b","c4649975-7fe5-4c7b-aa97-604114af6c7f","0.7.5","0.7.5","3","5","0.38437499999999997","0.5137499999999998","0.28875","0.616875","1791250598277-26ac0043-af02-400a-9b3d-15de9a12f3c4","372ee2615a590b016aa85fe2c4eb6596d740962e71d599df918cf6fee6d0665f"
"perrymetzger","Perry E. Metzger","26fab941-fc62-4a62-84fe-dd64e5d53dbe","e3f9bbdb-f15b-4656-82e3-7e5579ac2109","0.7.5","0.7.5","1","4","0.8125000000000001","0.48375","0.84625","0.625","1791250640561-19514d3b-91de-4d8e-83f8-857a6a3766d5","d0025c3454db4feafcffead33f61aff53dcf2c4f9b50083810d3113a50fa454d"
"plinz","Joscha Bach","745c07ce-ed2f-425a-8019-b614f8b5f157","e41025e1-7f1e-4ee5-9392-5dd7f62fcfbb","0.7.5","0.7.5","1","4","0.738125","0.62025","0.6481250000000001","0.9212499999999999","1791250640561-19514d3b-91de-4d8e-83f8-857a6a3766d5","6e9ac86557ba613bf071b8cd2bd06ed41441249c86696929c23c1eb0c5aee18a"
"raw_works","Raymond Weitekamp","00c0df55-d762-45af-be11-dc8b464da171","10fc28b9-ca38-42f2-aefb-9916c3d0997e","0.7.5","0.7.5","3","4","0.706875","0.430625","0.5475","0.5406250000000001","1791250640561-19514d3b-91de-4d8e-83f8-857a6a3766d5","c0fe5a99898740e4a967d3819aa530a6548ea8c1d7e3cb9dea01e32767093c90"
"realgeorgehotz","George Hotz","84de549f-3098-4b3c-9733-e6854eb20e51","a7364141-0b02-497c-b0e1-a622ae08a44c","0.7.5","0.7.5","2","4","0.8175","0.6631250000000001","0.6825","0.688125","1791250640561-19514d3b-91de-4d8e-83f8-857a6a3766d5","ad3b3dc78d6677503b4facde96a6dcb8ea867dad3e49908b28251c2ed65f407f"
"repligate","janus","09282261-5d1e-4f01-8c0a-abe57d0610be","6a0132a5-c417-4dab-a446-42026140c576","0.7.5","0.7.5","1","5","0.755625","0.6112500000000001","0.76","0.8875000000000001","1791250677190-469bd4cc-3ee3-46a0-9726-11283c988382","501f9dc69cae38ed847a48dcdaabb38c7c5968462af078d9e997bbfb72bc4e3d"
"richardssutton","Richard Sutton","8c1dbb4f-12f8-41ca-8744-eed983544b2e","3a4bc041-c60c-46da-8086-135fa4198f26","0.7.5","0.7.5","3","4","0.88","0.9000000000000001","0.8156249999999999","0.903125","1791250677190-469bd4cc-3ee3-46a0-9726-11283c988382","60dd1d06c111acfede228e30ccfefc8f93da9c60b584728d0b73f7049dff0635"
"robertskmiles","Robert Miles","9dd2017b-2a0b-464e-a7bb-1647b4be1b9c","2587dbd5-162f-4f9b-b831-6005e6b1778a","0.7.5","0.7.5","2","4","0.17500000000000002","0.8723404255319149","0.060625000000000026","0.928125","1791250677190-469bd4cc-3ee3-46a0-9726-11283c988382","06017245df40f813194ae249ed64d9537bd3972287ac2f7d3e7216115a7de538"
"robknight__","Rob Pruzan","72ae64f5-3762-437e-93d0-6578351577de","2f92bfae-58be-4a29-883d-38bc46b048bf","0.7.5","0.7.5","3","4","0.7225","0.20687500000000003","0.6481250000000001","0.33648124999999995","1791250677190-469bd4cc-3ee3-46a0-9726-11283c988382","7c9e502b32d1fd193edec37475fbb41214b0ba3f575209c1baef3b48ae908771"
"ryangreenblatt","Ryan Greenblatt","8667865b-1ccf-4f32-ba4e-00d5ef0b6a3d","f0b87724-8b45-474f-a6f5-9d01d239bcaf","0.7.5","0.7.5","2","4","0.27937500000000004","0.906875","0.239375","0.9475","1791250716245-022e1024-7361-4335-8dbd-cea35f56b5d5","689569472e5a8ec4a9a339c5a8ac23dcb8154155e3c80dc74f5ab609ecaed6fb"
"samsja19","samsja","ebf85e2b-1a27-45ab-b409-604774b98548","cb164ef6-cef9-4c64-ad8b-f3622c2b1929","0.7.5","0.7.5","3","4","0.6287499999999999","0.639375","0.685625","0.756875","1791250716245-022e1024-7361-4335-8dbd-cea35f56b5d5","ef5a3fec1c27e77cfc79c308ee7eedfedb5d1b4f4d9cd6f4550102f60c3a2381"
"sauers_","Sauers","388b6035-faec-4e45-8888-f8568adcce83","05aff5bf-53d8-4415-b412-7be2c377c7cd","0.6.1","0.7.5","2","5","0.505","0.4925","0.37250000000000005","0.745625","1791250716245-022e1024-7361-4335-8dbd-cea35f56b5d5","84816d54a1b7b8436172132f6569789c2cb6d69206991131694ff47b4c884de1"
"schmidhuberai","Jürgen Schmidhuber","00b86c29-a6ff-4f8f-9e2e-35ca3e3f058e","f8fe12d7-0f84-405f-9495-8c331d12bf8f","0.7.5","0.7.5","3","5","0.8649999999999999","0.803125","0.75625","0.8568749999999999","1791250716245-022e1024-7361-4335-8dbd-cea35f56b5d5","a9b477cd321b1a96e4a137caaf3bbe797fb357b7c37de95a26961c50968f3019"
"seconds_0","Seconds","65067b53-c9fd-4733-93ed-a1a0f65ce39a","c2684f19-bc1d-4e86-949a-0cbccd5e9ad7","0.7.5","0.7.5","1","5","0.78375","0.43312500000000004","0.678125","0.5243749999999999","1791250758796-a9d9cc59-6c32-4617-92f0-f3b4ffc9aed6","e6c79a6a27ad965eec8f57aae4d10dac284a10c22a2c0787e0a2e54e177cdc1c"
"sensanders","Bernie Sanders","81e0c796-6ee2-4c0c-996d-34b57eee86f2","af8cc7cb-c2ed-4473-8e02-c65b31d5c01a","0.7.5","0.7.5","3","4","0.15750000000000003","0.7956249999999999","0.16875","0.850625","1791250758796-a9d9cc59-6c32-4617-92f0-f3b4ffc9aed6","dcc9e5af664a0f0e4d369b04ae1500892e40a939cc1ba9deec245e82aaf27a86"
"simonw","Simon Willison","3db2fce8-7893-43eb-a0ee-35a5a811a0a3","03b8704a-344f-4705-8302-9912276ce0b8","0.7.5","0.7.5","2","4","0.684375","0.30375","0.639375","0.44062500000000004","1791250758796-a9d9cc59-6c32-4617-92f0-f3b4ffc9aed6","cf5d250fbdca1873375aa8b9a44aa98cabef576195379ecc789dea8934deb7e2"
"swyx","Shawn Wang","de36da2b-7d58-475b-b5d4-8425919bd8fb","bb15ec6f-2adf-4684-873e-3ee6009cdef9","0.7.5","0.7.5","3","4","0.7375","0.528125","0.7331250000000001","0.6443750000000001","1791250758796-a9d9cc59-6c32-4617-92f0-f3b4ffc9aed6","3f6533c110563f08b2ff977d110405c10d55d14858c925107df5156c86564883"
"tegmark","Max Tegmark","7e7bd26e-2509-4ede-aa4f-efec08dd9997","29d32f71-ea91-4506-8350-5096405dc813","0.7.5","0.7.5","3","4","0.42750000000000005","0.8040123456790123","0.23749999999999993","0.895","1791250797187-fd2727d2-387b-4190-9d6d-70a61e0c94bf","be3a6c4729ccc1fc5e8efd3b2c0437d5d96b7f88ac3b0042aaaa85a0d25c74c7"
"thdxr","Dax Raad","1db7b3b3-9eb1-45bf-9217-d3d043343a0b","cbebf27c-1d7a-4d02-ae90-a9ebd66d304c","0.7.5","0.7.5","3","4","0.7581249999999999","0.3125","0.8143750000000001","0.549375","1791250797187-fd2727d2-387b-4190-9d6d-70a61e0c94bf","16165dc63ec3abea3b203ead3275cc99dd3dbc6aaf64bf9e87a47d03afcefa9f"
"thestalwart","Joe Weisenthal","85b1003d-0e1c-4b46-bf49-f8902c67cc53","37118004-c1a6-4909-baee-60fb50b828f4","0.7.5","0.7.5","2","4","0.5912499999999999","0.4125","0.5437500000000001","0.4575","1791250797187-fd2727d2-387b-4190-9d6d-70a61e0c94bf","9ee9d4c216b0f05675353b40a4a8162b9a86896eb27a400bf83ff95c126498c8"
"thezvi","Zvi Mowshowitz","abd854c0-ec0b-47e1-87b0-fcf873eb2dcc","1c03d650-fe21-4c11-9868-d8938c011498","0.7.5","0.7.5","2","4","0.075625","0.905625","0.05500000000000002","0.9468749999999999","1791250797187-fd2727d2-387b-4190-9d6d-70a61e0c94bf","0f44aacc3bec2cf403788a7788f1117e54cc0afa601bd4eed7b10887f1bc687a"
"threepointone","Sunil Pai","da6659d5-1630-480d-b33d-48ee8fbb1dd2","ef6ca15e-f1a2-487a-92c4-ea1e50b23153","0.7.5","0.7.5","3","5","0.599375","0.446875","0.7068749999999999","0.648125","1791250825231-4a314010-b75f-4dea-a682-d599299d72d4","17660b9556e49b2b3a1793804b82e654bf89f7c978e14b61420e92a2ff0324ac"
"varun_mathur","Varun Mathur","9e8b2a7f-fa4f-4d8d-8bff-f074496d397c","ee1e5851-acfd-452f-9a1e-303a24e84799","0.7.5","0.7.5","2","4","0.8606250000000001","0.638125","0.7968750000000001","0.729375","1791250825231-4a314010-b75f-4dea-a682-d599299d72d4","c695d88617d540267f19361e84d0e95268cab586805cdbb4c75f39fe6ecc5280"
"veryvanya","veryvanya","b0441b12-7df1-4039-b8de-4415d8aed4a3","c6e434de-afd7-40ec-8380-6a2cc9cda06a","0.7.5","0.7.5","3","4","0.6843750000000001","0.684375","0.564375","0.77375","1791250825231-4a314010-b75f-4dea-a682-d599299d72d4","e02179dd61e91f54aae42fd8dc1df745e3a24240d22ac9046c92ac15224aa4c9"
"victortaelin","Victor Taelin","63966448-9538-4555-9164-1468dcd01734","aa2a35db-ea61-4a9e-87df-9670a115722d","0.7.5","0.7.5","2","5","0.73375","0.39705","0.6318750000000001","0.73875","1791250825231-4a314010-b75f-4dea-a682-d599299d72d4","c27c36c0a927280bf4fe2fb8194f5e29024389b9e06589e27f6beb4d96c058e9"
"vikhyatk","Vik Korrapati","240c1acc-8b58-4928-be1b-25e4bfaefc24","c1d4ed47-f94a-41ec-966f-586d03eedb07","0.7.5","0.7.5","3","4","0.7562499999999999","0.571875","0.7125000000000001","0.6856249999999999","1791250863556-adaa97c0-ed56-411d-97fe-8c756b6473b4","d2d7fcf6a620880273630ce2f033714c2ecbb604ca52621ce2a5e790b501c84e"
"voooooogel","Theia Vogel","a07f5e89-97d3-464b-ac33-83e35e1e5007","e2ab866b-c854-4856-b1e9-33668b393ce9","0.6.1","0.7.5","2","4","0.5","0.49250000000000005","0.42812500000000003","0.7187500000000001","1791250863556-adaa97c0-ed56-411d-97fe-8c756b6473b4","d73b63feb78cb9b9480793f332fb958891bcecf63fb20783fadee09cb04ee24a"
"willcb","Will Brown","821829db-afdb-4416-bc21-fe835d90e81d","f811c4e8-d291-4989-b14c-c0cd7514b684","0.7.5","0.7.5","2","4","0.595625","0.521675","0.533125","0.6425000000000001","1791250863556-adaa97c0-ed56-411d-97fe-8c756b6473b4","31c6b3d25dc64c9a9de560c2efd890b6fa66a6926cee9aca05c054c051f3ee0f"
"xeophon","Florian Brand","e3c138a9-32bf-4ed7-9392-846139b31ed2","2484b18e-8bd8-4866-a127-a1186e76259e","0.7.5","0.7.5","2","5","0.7224999999999999","0.443125","0.5437500000000001","0.5700000000000001","1791250863556-adaa97c0-ed56-411d-97fe-8c756b6473b4","4903ea0686d4f036b044b8e4e298ea25ece5a3508bf7387ead084f969c12003f"
"xlr8harder","xlr8harder","eb31e321-4f92-4e56-bfd4-b50089fe816d","1a3535a3-0567-48fb-9cd7-f25f75cad4e6","0.7.5","0.7.5","3","4","0.7149999999999999","0.56375","0.7350000000000001","0.5212500000000001","1791250906407-fa06d988-2312-4000-9738-e76a5c21b45b","c7464cdf755a08d1ad8f35031b0914b9119ab1bde6baacc8e37411f7b620dffd"
"xpasky","Petr Baudis","17cbfea4-392c-45c3-bff1-330ee4198c1e","62065452-f00f-40b4-b66e-b52008e5270c","0.7.5","0.7.5","2","4","0.6150000000000001","0.894375","0.5625","0.9549999999999998","1791250906407-fa06d988-2312-4000-9738-e76a5c21b45b","d93243eafc6faeef7017ff2c9c4427fb6e235d5509f1d9af7278d67acaf9cc99"
"yaboilyrical","nightwing","627dd796-9582-4472-b3b1-5e20d2d4d0be","f34636c8-fccf-432c-adc2-06e7681c0f7f","0.7.5","0.7.5","2","4","0.5168750000000001","0.7387499999999999","0.525625","0.7793749999999999","1791250906407-fa06d988-2312-4000-9738-e76a5c21b45b","7dac58f7fa8c7e4ffb67cf4975b838b7820cbfe4ddf0d2fb11a0e2b8cb200515"
"yacinemtb","Yacine","4ab0c8ae-b1e4-4ec1-b0b2-65acb4f150ad","aa215eb2-f230-4363-ba9c-63cf9065bd84","0.7.5","0.7.5","3","5","0.47","0.6793750000000001","0.49124999999999996","0.7281250000000001","1791250906407-fa06d988-2312-4000-9738-e76a5c21b45b","1b739158cb3f4040391823b383a7648cfc02d7606b7e78f9719de180016b482c"
